subreddit,asshole,bad,bloated,boilerplate,boring,complicated,crap,cruelty,damn,difficult,dirty,disgusting,enemy,fear,frustration,fuck,fuck-you,fucking,grief,hate,hell,idiot,long-winded,pain,sad,shame,shit,shitty,slow,stupid,suck,sucks,tedious,terrible,ugly,verbose,worse,sumc_programming,3,246,5,12,5,89,17,0,22,96,12,1,1,5,5,22,0,12,1,19,33,5,0,45,10,5,28,10,56,38,14,12,22,24,26,22,24,947
clojure,0,156,0,40,2,55,10,0,27,146,15,5,0,17,10,12,5,15,0,17,27,5,0,52,5,5,27,7,90,32,5,12,17,30,35,17,57,955
cpp,3,266,9,31,10,80,29,0,30,111,9,2,10,9,4,24,0,13,0,53,44,7,1,48,13,28,42,12,91,49,13,18,9,61,70,24,81,1304
csharp,1,215,3,10,7,57,25,0,24,70,9,0,4,9,2,25,3,15,1,46,44,6,0,36,8,9,46,13,68,28,12,19,7,28,26,12,31,919
golang,5,199,8,33,7,57,14,0,24,76,12,0,1,10,7,22,0,9,0,36,37,6,1,57,11,12,41,7,92,38,10,17,17,26,26,32,52,1002
haskell,2,186,1,27,13,81,14,0,16,113,12,1,0,9,7,5,0,5,2,26,46,4,2,57,15,14,10,3,61,21,8,14,8,28,32,22,57,922
java,3,243,11,32,10,60,37,0,29,77,14,0,2,4,7,28,1,19,0,57,54,9,0,52,11,6,51,10,77,44,21,33,10,40,30,42,46,1170
javascript,3,234,10,33,6,53,27,0,37,80,19,1,2,10,4,35,4,37,0,59,54,10,1,37,15,10,74,15,79,40,14,21,7,40,36,22,42,1171
lisp,0,176,0,2,21,56,24,0,24,104,8,2,2,2,2,24,0,8,0,45,18,0,0,29,24,26,34,13,56,50,10,8,13,34,58,18,50,941
lua,0,110,0,25,16,42,25,0,25,67,16,0,0,0,8,0,0,8,0,33,50,8,0,16,0,16,33,0,33,8,16,33,16,16,59,8,25,712
mathematica,0,108,0,0,0,98,19,0,39,98,9,0,0,0,0,0,0,0,0,19,19,0,0,59,0,9,0,19,108,49,9,19,0,0,9,19,9,718
matlab,4,127,0,1,5,57,5,0,14,72,14,0,1,6,2,17,0,16,0,12,38,13,0,22,1,4,55,4,69,37,8,9,6,37,16,0,22,694
objectivec,0,118,0,18,0,54,18,0,36,109,45,0,0,0,0,27,0,9,0,18,45,0,0,36,9,0,45,27,63,36,0,18,9,54,27,0,9,830
perl,8,251,8,17,17,50,33,0,22,71,8,3,1,15,8,26,3,13,3,22,40,13,0,34,20,12,45,17,85,55,26,33,3,50,38,12,78,1140
php,8,345,16,16,7,56,37,0,42,87,20,1,3,11,7,57,5,48,1,69,61,15,0,55,21,13,129,33,79,60,22,31,7,51,23,21,58,1515
python,3,214,6,16,9,59,19,0,35,87,17,2,3,6,5,28,2,25,1,49,52,7,1,73,16,15,54,10,78,44,17,21,6,38,43,20,46,1127
ruby,3,208,10,15,14,65,26,0,37,87,10,1,0,8,9,20,3,26,3,47,57,10,0,63,16,8,58,10,78,32,19,26,6,29,30,18,44,1096
rust,1,198,3,28,11,57,10,0,17,76,7,0,1,21,5,2,0,4,1,37,31,7,0,42,22,15,12,1,61,25,10,12,12,26,49,46,63,913
scala,0,268,2,59,5,70,19,0,22,110,8,0,2,22,8,22,0,42,0,36,104,5,0,56,22,19,25,25,110,62,16,33,5,90,33,31,56,1387
sql,3,204,2,1,3,53,31,0,27,77,24,0,1,8,1,17,2,13,3,47,33,12,4,39,6,2,53,10,60,30,10,18,11,28,30,4,28,895
swift,0,176,2,16,2,29,10,0,21,54,8,0,0,2,10,16,0,19,0,40,35,8,0,21,13,19,35,8,57,21,8,16,0,16,21,13,46,742
visualbasic,0,147,0,3,3,54,18,0,10,75,14,3,3,0,0,10,0,0,7,7,43,18,7,21,7,3,18,0,10,32,14,18,7,25,28,7,7,619
