subreddit,awesome,awesomeness,beautiful,better,clean,clever,concise,cool,easy,exciting,fast,friend,fun,funny,genius,good,great,happy,heaven,helpful,hope,interesting,joy,love,nice,nicer,perfect,pleasure,pretty,pride,relief,simple,simplification,succinct,sympathy,terse,thank-you,sum
c_programming,61,0,14,544,63,12,19,103,223,0,77,12,109,17,3,844,211,58,1,91,84,185,5,65,206,26,44,3,498,0,0,354,0,1,0,5,274,4212
clojure,247,5,15,509,47,27,17,279,342,30,105,65,95,25,2,960,589,95,2,156,128,272,63,199,405,35,60,12,552,2,0,340,0,5,0,5,173,5863
cpp,80,1,19,586,71,13,13,119,269,9,125,36,70,31,1,823,309,51,1,54,120,241,3,137,326,29,74,1,396,2,0,257,2,2,0,10,73,4354
csharp,125,0,15,492,63,10,16,113,237,4,78,27,92,16,1,731,327,50,3,77,85,139,3,134,190,12,41,4,387,0,0,289,1,4,0,2,239,4007
golang,158,0,13,470,62,24,18,166,267,11,151,14,92,18,3,733,390,61,2,75,116,232,2,199,418,24,56,9,418,1,2,319,1,5,0,3,158,4691
haskell,108,3,23,494,41,28,16,150,245,18,95,15,86,24,5,677,360,96,0,80,120,274,7,146,365,39,46,3,383,1,1,297,5,3,0,7,134,4395
java,105,1,6,532,67,13,14,106,253,4,90,23,73,26,3,789,324,49,1,72,92,135,5,117,219,19,46,2,409,2,1,282,1,2,1,2,174,4060
javascript,175,1,24,490,48,28,15,236,222,9,99,24,99,32,4,764,380,57,1,68,95,195,5,180,305,20,48,2,458,0,0,277,2,3,0,4,143,4513
lisp,158,2,18,474,26,24,10,265,246,13,96,18,112,29,0,785,404,72,0,99,117,337,18,192,399,24,37,2,401,0,0,251,5,10,0,2,171,4817
lua,135,0,8,381,59,16,0,237,262,25,118,42,118,0,0,720,305,59,0,101,110,144,0,602,245,16,25,8,407,8,0,161,16,8,0,8,271,4615
mathematica,128,0,9,266,19,19,29,177,108,0,88,29,59,9,9,513,177,39,0,138,236,197,0,29,128,29,88,0,345,0,9,306,9,0,0,0,661,3853
matlab,69,1,14,365,22,34,2,73,169,2,79,32,75,12,2,458,193,43,0,110,123,86,0,49,158,14,52,0,320,0,0,221,2,1,2,1,399,3183
objectivec,210,0,45,466,9,9,27,91,246,0,45,36,54,45,9,1060,658,91,0,155,155,173,9,109,201,0,54,0,475,0,0,356,0,0,0,0,283,5071
perl,138,1,19,554,48,19,10,138,286,13,106,34,115,40,3,758,367,78,1,96,134,199,6,146,265,22,40,5,403,10,1,290,1,1,1,1,206,4555
php,124,0,14,569,71,14,9,112,276,6,106,26,73,29,5,887,377,72,0,62,102,151,4,152,231,20,57,4,414,1,1,324,1,4,0,3,144,4445
python,163,2,34,499,54,16,13,182,300,7,112,27,105,23,2,742,381,60,1,63,83,185,5,172,299,25,50,4,420,1,1,285,1,3,0,2,141,4463
ruby,185,1,15,518,74,23,24,205,251,9,95,35,123,18,2,882,476,83,1,99,106,186,7,227,260,24,47,4,474,1,1,275,3,4,0,9,198,4945
rust,133,3,13,510,42,12,13,131,217,16,119,10,67,17,4,600,298,84,1,70,152,226,1,126,346,45,54,2,329,0,1,223,4,2,0,4,118,3993
scala,158,2,19,584,59,8,39,214,239,14,98,16,110,42,2,945,437,87,0,98,121,324,14,172,383,39,62,11,476,2,0,285,0,5,0,8,118,5191
sql,74,0,9,423,39,6,15,42,195,3,71,30,57,13,4,614,224,57,0,89,111,71,4,76,124,4,65,2,310,2,0,218,0,1,0,0,411,3364
swift,179,0,21,413,38,38,24,165,171,2,48,19,86,8,2,633,364,48,2,54,157,203,10,116,274,27,32,10,375,0,0,187,2,8,0,5,168,3889
visualbasic,46,0,0,385,36,0,7,54,263,0,39,25,57,0,7,436,144,21,0,90,97,36,0,46,97,3,46,0,284,3,0,310,7,0,0,0,544,3083
