subreddit,awesome,awesomeness,beautiful,better,clean,clever,concise,cool,easy,exciting,fast,friend,fun,funny,genius,good,great,happy,heaven,helpful,hope,interesting,joy,love,nice,nicer,perfect,pleasure,pretty,pride,relief,simple,simplification,succinct,sympathy,terse,thank-you,sumactionscript,0,0,0,0,0,0,0,0,0,0,0,0,0,0,0,869,869,0,0,0,0,0,0,0,0,0,0,0,869,0,0,434,0,0,0,0,434,3475
ada,0,0,0,396,79,0,0,79,317,0,79,79,0,0,0,1269,476,0,0,79,158,396,0,158,317,0,0,0,396,0,0,158,0,0,0,0,238,4674
asm,86,0,28,376,28,0,0,202,347,28,173,0,86,28,0,753,289,28,0,0,86,289,0,86,86,0,0,28,608,0,0,463,0,0,0,0,347,4445
brainfuck,0,0,0,0,0,0,0,0,0,0,0,0,0,0,0,0,0,0,0,0,0,0,0,0,0,0,0,0,0,0,0,0,0,0,0,0,0,0
c_programming,61,0,14,544,63,12,19,103,223,0,77,12,109,17,3,844,211,58,1,91,84,185,5,65,206,26,44,3,498,0,0,354,0,1,0,5,274,4212
clojure,247,5,15,509,47,27,17,279,342,30,105,65,95,25,2,960,589,95,2,156,128,272,63,199,405,35,60,12,552,2,0,340,0,5,0,5,173,5863
cobol,0,0,0,0,0,0,0,222,888,0,0,0,222,0,0,1777,1111,222,0,444,666,222,0,0,222,0,0,0,444,0,0,222,0,0,0,0,222,6884
cpp,80,1,19,586,71,13,13,119,269,9,125,36,70,31,1,823,309,51,1,54,120,241,3,137,326,29,74,1,396,2,0,257,2,2,0,10,73,4354
csharp,125,0,15,492,63,10,16,113,237,4,78,27,92,16,1,731,327,50,3,77,85,139,3,134,190,12,41,4,387,0,0,289,1,4,0,2,239,4007
d_language,135,0,0,497,0,45,0,316,226,0,90,0,135,0,0,995,316,0,0,0,135,226,0,135,271,90,0,0,316,0,0,180,0,0,0,0,135,4243
dartlang,194,0,43,475,43,0,43,86,172,21,194,64,64,21,0,863,431,151,0,107,107,259,0,323,388,0,0,0,583,0,0,129,0,0,0,0,194,4955
delphi,172,0,21,494,64,43,0,172,301,21,301,0,86,43,0,967,301,150,0,43,86,279,0,172,365,43,0,21,365,0,0,344,0,0,0,0,215,5069
elm,305,0,76,534,0,0,0,839,381,0,152,0,229,0,0,1145,1297,152,0,76,458,381,0,152,687,152,0,0,687,0,0,381,0,0,0,0,229,8313
erlang,146,0,0,175,29,0,87,233,175,0,116,29,175,29,0,584,409,146,0,29,146,321,0,146,292,0,29,0,233,0,0,204,0,0,0,0,292,4025
forth,102,0,307,820,51,0,102,256,512,51,153,51,358,0,0,1025,615,256,0,51,102,820,0,153,461,0,0,0,512,0,0,666,0,0,0,0,256,7680
fortran,91,0,22,573,91,0,0,160,412,0,252,0,68,45,0,665,344,160,0,114,229,114,22,91,366,0,22,22,435,0,0,435,0,0,0,0,550,5283
fsharp,100,0,25,476,25,25,100,150,350,75,50,25,350,50,0,1027,350,50,0,125,100,375,0,100,451,50,125,0,401,0,0,125,50,0,25,25,200,5380
golang,158,0,13,470,62,24,18,166,267,11,151,14,92,18,3,733,390,61,2,75,116,232,2,199,418,24,56,9,418,1,2,319,1,5,0,3,158,4691
groovy,192,0,0,288,0,0,192,192,865,0,288,0,96,0,0,1153,673,96,0,96,96,192,0,192,480,0,0,0,576,0,0,384,0,0,0,192,96,6339
haskell,108,3,23,494,41,28,16,150,245,18,95,15,86,24,5,677,360,96,0,80,120,274,7,146,365,39,46,3,383,1,1,297,5,3,0,7,134,4395
haxe,227,113,0,340,0,56,0,113,113,56,227,0,227,0,0,397,511,0,0,113,56,170,0,170,284,56,113,0,625,0,0,113,0,0,0,0,113,4193
java,105,1,6,532,67,13,14,106,253,4,90,23,73,26,3,789,324,49,1,72,92,135,5,117,219,19,46,2,409,2,1,282,1,2,1,2,174,4060
javascript,175,1,24,490,48,28,15,236,222,9,99,24,99,32,4,764,380,57,1,68,95,195,5,180,305,20,48,2,458,0,0,277,2,3,0,4,143,4513
lisp,158,2,18,474,26,24,10,265,246,13,96,18,112,29,0,785,404,72,0,99,117,337,18,192,399,24,37,2,401,0,0,251,5,10,0,2,171,4817
lua,135,0,8,381,59,16,0,237,262,25,118,42,118,0,0,720,305,59,0,101,110,144,0,602,245,16,25,8,407,8,0,161,16,8,0,8,271,4615
mathematica,128,0,9,266,19,19,29,177,108,0,88,29,59,9,9,513,177,39,0,138,236,197,0,29,128,29,88,0,345,0,9,306,9,0,0,0,661,3853
matlab,69,1,14,365,22,34,2,73,169,2,79,32,75,12,2,458,193,43,0,110,123,86,0,49,158,14,52,0,320,0,0,221,2,1,2,1,399,3183
objectivec,210,0,45,466,9,9,27,91,246,0,45,36,54,45,9,1060,658,91,0,155,155,173,9,109,201,0,54,0,475,0,0,356,0,0,0,0,283,5071
ocaml,128,0,18,677,36,0,73,146,183,0,238,54,366,18,0,1062,531,109,0,91,219,512,0,183,641,54,128,0,347,0,18,439,0,54,0,18,311,6654
pascal,123,0,123,864,123,0,0,0,123,0,123,0,246,123,0,370,370,0,0,123,246,123,0,493,617,0,0,0,246,0,0,370,0,0,0,0,370,5176
perl,138,1,19,554,48,19,10,138,286,13,106,34,115,40,3,758,367,78,1,96,134,199,6,146,265,22,40,5,403,10,1,290,1,1,1,1,206,4555
php,124,0,14,569,71,14,9,112,276,6,106,26,73,29,5,887,377,72,0,62,102,151,4,152,231,20,57,4,414,1,1,324,1,4,0,3,144,4445
prolog,254,31,0,477,0,0,127,159,191,0,0,0,127,63,31,764,382,63,0,95,254,222,31,127,318,31,63,0,95,0,0,191,0,31,0,0,445,4572
python,163,2,34,499,54,16,13,182,300,7,112,27,105,23,2,742,381,60,1,63,83,185,5,172,299,25,50,4,420,1,1,285,1,3,0,2,141,4463
ruby,185,1,15,518,74,23,24,205,251,9,95,35,123,18,2,882,476,83,1,99,106,186,7,227,260,24,47,4,474,1,1,275,3,4,0,9,198,4945
rust,133,3,13,510,42,12,13,131,217,16,119,10,67,17,4,600,298,84,1,70,152,226,1,126,346,45,54,2,329,0,1,223,4,2,0,4,118,3993
scala,158,2,19,584,59,8,39,214,239,14,98,16,110,42,2,945,437,87,0,98,121,324,14,172,383,39,62,11,476,2,0,285,0,5,0,8,118,5191
scheme,99,0,16,332,33,33,0,149,299,0,116,33,116,16,16,647,598,66,0,99,66,315,16,132,332,83,33,0,348,0,0,232,0,0,0,16,149,4390
scratch,544,0,0,136,68,0,0,204,68,0,68,0,204,0,0,680,476,136,0,0,204,68,0,136,136,0,0,0,544,0,0,272,0,0,0,0,408,4352
shell,217,0,0,434,0,0,0,0,217,0,0,0,0,0,0,652,217,217,0,0,0,0,0,0,217,0,0,0,434,0,0,217,0,217,0,0,0,3039
smalltalk,243,0,0,243,0,0,0,731,0,0,0,0,0,0,0,731,243,0,0,0,0,243,0,0,487,0,0,0,243,0,0,0,0,0,0,0,0,3164
sml,0,0,0,1250,0,0,0,0,0,0,0,0,0,0,0,0,0,0,0,0,0,0,0,0,0,0,0,0,0,0,0,0,0,0,0,0,0,1250
sql,74,0,9,423,39,6,15,42,195,3,71,30,57,13,4,614,224,57,0,89,111,71,4,76,124,4,65,2,310,2,0,218,0,1,0,0,411,3364
swift,179,0,21,413,38,38,24,165,171,2,48,19,86,8,2,633,364,48,2,54,157,203,10,116,274,27,32,10,375,0,0,187,2,8,0,5,168,3889
tcl,0,0,178,357,0,0,0,0,535,178,357,0,178,0,0,535,0,0,0,0,535,357,0,0,357,0,0,0,1071,0,0,535,0,0,0,0,178,5351
visualbasic,46,0,0,385,36,0,7,54,263,0,39,25,57,0,7,436,144,21,0,90,97,36,0,46,97,3,46,0,284,3,0,310,7,0,0,0,544,3083
