subreddit,afaik,afaiwafk,asap,flamer,ftw,fyi,gtfo,imo,imho,lame,leet,lol,omg,omfg,stfu,stfw,tl-dr,troll,wtf,yagni,yolo,zomg,rtfm,rofl,sum
c_programming,37,0,7,0,1,7,0,51,29,1,0,24,0,0,0,0,29,1,8,0,0,0,3,0,198
clojure,7,0,0,0,5,7,0,30,32,0,0,25,5,0,0,0,17,22,15,0,0,0,0,2,167
cpp,52,0,4,0,5,8,0,76,41,8,0,15,2,0,0,0,22,5,10,0,0,0,1,0,249
csharp,13,0,2,0,3,14,1,60,18,3,0,33,3,0,0,0,19,3,9,1,0,0,1,0,183
golang,12,0,7,0,4,9,0,52,47,3,0,17,2,0,0,0,21,3,4,0,0,0,0,0,181
haskell,19,0,2,0,1,12,0,52,24,2,0,9,2,0,0,0,16,7,6,0,0,0,0,0,152
java,13,0,3,0,2,8,0,43,37,2,0,37,3,0,0,0,22,10,12,1,0,1,2,0,196
javascript,13,0,2,0,4,15,0,53,24,5,0,47,6,0,0,0,26,7,19,1,0,0,2,1,225
lisp,32,0,5,0,0,16,0,69,42,5,0,34,8,0,0,0,16,0,8,0,0,0,2,0,237
lua,0,0,0,0,0,25,0,33,16,0,0,0,8,0,0,0,25,0,8,0,0,0,8,0,123
mathematica,9,0,29,0,0,9,0,19,0,0,0,19,0,0,0,0,0,0,0,0,0,0,0,0,85
matlab,5,0,1,0,1,21,0,13,2,0,0,30,1,0,0,0,13,2,8,0,0,0,2,0,99
objectivec,9,0,0,0,0,9,0,27,27,0,0,27,0,0,0,0,36,0,0,0,0,0,9,0,144
perl,12,0,6,0,5,10,0,41,15,5,0,22,12,0,3,0,34,26,5,0,0,0,3,0,199
php,9,0,5,0,3,16,1,72,31,3,0,46,4,0,0,0,25,16,16,0,1,0,3,0,251
python,13,0,4,0,2,12,0,41,24,5,0,31,4,0,0,0,19,11,10,0,0,0,2,0,178
ruby,8,0,7,0,2,14,1,76,28,6,0,34,4,0,0,0,22,12,13,1,0,1,1,0,230
rust,42,0,1,0,1,13,5,92,32,1,0,4,2,0,0,0,9,3,5,0,3,0,0,0,213
scala,8,0,5,0,0,5,2,87,11,0,0,19,0,0,2,0,22,47,5,0,0,0,2,0,215
sql,9,0,6,0,2,16,0,17,15,4,0,34,3,0,0,0,19,4,6,0,0,0,0,0,135
swift,8,0,2,0,0,0,0,40,16,2,0,40,8,2,0,0,10,0,0,0,0,0,0,0,128
visualbasic,7,0,0,0,0,14,0,39,10,0,0,64,7,0,0,0,10,7,10,0,0,0,0,0,168
