subreddit,analysis,autism,blog,category,cloud,coffee,community,cost,deadline,debug,design,device,distributed,documentation,error,esoteric,finance,freak,function,functional,github,goto,hacker,homework,idea,idiom,information,intelligence,language,learn,logic,machine,math,model,money,newb,newbie,object,optimal,overhead,paralell,pattern,performance,pragmatic,problem,procedural,progress,quality,reason,religion,robotics,rofl,safety,school,science,sicp,sorry,speed,types,understand,usability,user,web,abstract,concrete,algorithm,data,book,course,bug,feature,church,turing,compiler,interpreter,desire,disgust,efficient,effective,general,specific,hobby,work,know,guess,library,application,nerd,geek,open,closed,practice,theory,pure,impure,refactoring,rewrite,software,hardware,solution,workaround,static,dynamic,syntax,semantics,thanks,please,think,feel,sum
c_programming,49,0,47,5,1,3,37,29,3,59,93,59,7,132,371,5,0,0,1036,31,170,40,7,51,331,10,149,1,592,412,111,140,88,29,19,1,7,148,12,31,0,37,125,5,500,7,10,22,338,0,17,0,49,59,28,7,125,86,185,412,1,251,45,22,12,93,530,329,223,63,65,0,1,715,19,7,1,61,24,186,220,10,789,884,213,400,86,7,0,167,7,125,24,54,0,10,28,109,102,156,0,193,72,162,29,715,142,1034,137,14851
clojure,37,0,269,12,17,12,151,42,2,37,136,10,35,151,199,5,2,0,685,299,904,17,5,7,282,5,95,5,695,274,156,85,55,75,20,2,22,123,5,78,0,57,219,17,494,12,15,42,294,2,0,2,27,22,32,45,115,55,229,299,2,244,327,32,30,52,579,201,209,50,108,5,5,131,32,7,0,32,17,161,176,5,834,675,141,456,241,0,0,173,27,90,27,105,12,57,45,88,15,138,7,194,151,257,20,761,115,1086,219,15328
cpp,53,0,137,17,2,0,53,91,3,72,183,15,19,102,258,5,8,1,671,58,228,13,6,6,304,32,134,1,595,212,49,76,32,81,27,0,2,364,18,91,0,60,309,3,466,5,40,65,337,0,0,0,57,26,21,0,97,84,330,305,8,171,84,40,24,92,331,153,272,130,166,0,10,677,16,12,0,99,47,177,205,16,731,808,216,718,127,0,0,187,22,106,26,83,2,22,18,165,58,203,13,204,97,192,119,418,106,1015,143,14753
csharp,31,0,100,7,14,4,39,69,5,64,174,28,7,78,180,0,5,1,187,37,146,12,1,16,252,1,144,3,350,327,127,95,44,129,66,0,4,436,3,30,0,113,164,4,351,9,19,39,223,1,0,0,16,45,18,1,105,63,164,241,4,249,288,72,21,31,495,176,152,40,99,0,0,138,4,3,0,44,15,116,173,8,757,734,142,452,294,4,0,202,16,81,18,18,0,32,27,147,19,215,9,207,67,154,9,624,101,782,156,12187
golang,37,0,202,6,26,5,149,55,1,35,122,14,29,130,297,1,0,0,398,34,1025,20,3,3,253,14,91,1,697,149,60,83,27,69,20,1,15,138,10,76,0,99,261,11,379,4,23,33,223,1,0,0,43,16,26,0,83,89,238,207,1,217,318,22,32,26,359,63,136,52,128,0,4,147,16,9,0,43,34,121,161,5,701,596,133,413,190,0,2,186,43,76,22,43,0,18,41,120,21,154,9,120,71,100,13,705,130,953,155,12941
haskell,55,0,188,140,15,3,169,60,3,25,148,9,17,144,214,3,12,1,603,221,376,10,7,6,341,15,138,4,675,199,89,83,60,117,31,2,15,81,14,43,0,167,183,5,553,4,33,38,296,0,1,0,46,39,31,8,111,53,559,345,4,188,142,77,51,67,725,119,289,91,108,11,21,248,36,12,0,75,13,270,167,5,810,719,182,478,143,3,0,130,42,79,143,193,18,24,46,106,29,205,10,87,84,182,98,510,122,1256,182,15408
java,37,0,87,12,15,6,111,52,2,43,183,12,23,108,187,2,2,1,119,69,150,6,3,30,318,1,117,2,467,357,83,73,64,77,72,1,6,342,12,27,0,93,183,6,416,7,14,37,250,1,1,0,24,79,37,0,101,58,120,281,6,231,347,66,20,35,341,177,235,79,111,0,4,125,7,8,1,39,57,147,197,14,720,760,161,255,330,2,2,211,24,100,21,46,0,34,20,194,32,133,10,248,37,122,16,479,135,849,173,12348
javascript,22,0,131,9,11,21,89,41,5,42,140,27,11,96,130,3,1,1,777,89,529,6,8,4,264,3,84,3,350,277,101,37,61,111,38,1,7,452,8,41,0,121,221,4,367,6,23,37,227,1,0,1,11,31,17,1,125,69,74,269,7,215,414,24,5,29,408,114,150,60,102,0,2,55,11,9,0,33,19,102,152,5,752,699,158,344,194,3,1,175,19,77,21,48,0,22,23,93,16,167,7,74,41,156,28,544,113,862,174,12363
lisp,50,0,139,13,2,0,187,45,2,58,96,16,2,227,227,2,8,0,621,112,466,10,24,8,348,8,125,24,755,289,40,152,45,58,48,2,18,160,5,24,0,48,120,8,364,8,13,50,211,5,8,0,42,18,37,61,115,88,120,241,8,308,251,42,18,32,404,267,190,56,101,2,5,281,93,13,0,56,10,203,187,26,688,819,192,356,107,2,0,190,24,72,26,48,2,10,26,190,58,112,0,107,125,353,112,715,150,1087,227,14324
lua,8,0,50,33,0,8,110,16,0,84,50,33,25,152,271,0,0,0,1323,42,602,42,16,8,296,0,93,8,500,288,59,33,169,8,50,0,42,186,16,33,0,42,127,0,415,8,33,33,212,0,0,0,8,25,8,8,152,76,110,322,0,245,169,8,16,42,203,203,110,50,101,0,0,186,110,0,0,42,0,127,186,0,712,788,245,508,186,0,0,144,59,84,0,59,8,16,8,118,8,127,16,84,33,229,25,805,135,746,118,13292
mathematica,118,9,9,0,39,9,29,9,0,0,29,39,9,315,256,0,9,0,1184,108,9,0,0,59,227,0,227,9,296,177,19,69,148,39,19,0,9,19,0,39,0,207,49,0,681,39,0,19,118,0,0,0,0,39,19,9,177,69,39,236,0,108,49,9,0,69,562,59,138,59,59,0,0,9,0,9,0,59,9,217,138,0,878,779,98,19,49,0,0,98,39,29,78,49,0,9,19,108,39,404,0,0,138,296,9,957,69,799,88,11841
matlab,77,0,40,5,10,0,25,37,1,21,44,6,25,239,432,0,6,0,1340,13,26,4,0,98,248,0,106,4,116,158,34,43,116,119,10,1,2,72,18,26,0,25,65,4,660,2,5,10,160,0,2,0,1,44,26,0,209,111,52,239,0,188,29,4,4,122,951,48,160,34,33,0,0,44,16,9,0,49,4,139,142,0,805,785,190,45,36,0,0,151,16,57,16,12,0,1,17,95,34,299,14,16,21,133,0,867,115,735,112,11685
objectivec,18,0,182,54,9,0,54,27,0,18,191,91,18,329,173,0,0,9,274,18,274,0,0,18,310,0,228,0,539,511,109,109,9,146,91,0,9,731,0,27,0,91,137,0,475,27,100,18,301,0,0,0,63,36,54,0,155,54,82,466,0,292,210,27,0,9,475,621,255,18,82,0,0,237,9,54,0,18,18,274,310,9,703,996,191,466,228,310,0,182,63,100,9,82,0,0,9,109,45,137,0,54,73,383,27,904,82,987,210,15903
perl,29,0,129,17,10,6,309,34,0,36,141,10,10,117,167,3,6,0,169,45,227,31,22,3,234,12,111,8,694,262,48,73,33,47,61,1,33,180,1,27,0,82,78,8,466,1,50,62,230,1,0,0,3,20,22,0,127,82,54,227,10,183,297,13,6,33,400,167,167,64,138,1,3,83,36,20,3,33,29,138,171,8,839,835,173,106,80,0,0,237,15,76,27,31,0,20,43,145,33,138,1,33,40,256,33,596,111,987,202,11919
php,22,0,160,13,20,8,167,61,5,40,172,7,8,162,193,1,1,2,456,41,415,11,9,4,299,1,136,3,396,280,150,75,16,135,82,1,9,259,9,43,0,123,168,4,407,35,28,61,269,1,0,0,8,31,14,0,120,72,113,299,5,380,298,54,27,17,449,129,162,81,128,0,0,22,18,8,0,34,13,121,217,8,812,843,171,226,310,1,1,188,19,90,23,39,0,40,50,166,19,200,9,142,47,168,12,480,142,930,196,13120
python,71,0,119,11,15,5,140,38,4,38,105,19,24,138,132,4,5,1,319,54,405,7,5,9,265,10,103,2,508,286,60,101,48,70,46,2,9,185,8,35,0,39,125,5,376,6,25,37,238,2,2,0,7,39,52,1,114,86,86,212,7,199,345,19,8,41,428,118,202,66,104,1,6,59,96,6,0,36,15,134,159,8,801,701,156,398,154,4,1,231,18,56,23,55,0,19,27,156,28,128,4,91,53,177,21,544,114,813,156,11844
ruby,24,0,204,11,16,12,157,53,4,25,185,8,10,125,157,3,0,1,115,72,668,4,12,10,300,3,91,5,510,415,105,76,27,135,66,3,14,361,7,26,0,106,135,15,395,4,29,43,204,8,0,0,10,54,39,1,124,55,55,289,3,228,303,28,7,23,282,259,181,67,94,6,3,33,49,7,0,30,15,134,201,5,740,770,173,167,222,4,0,212,10,98,21,44,0,65,41,125,10,137,4,69,44,209,16,693,112,904,228,12662
rust,53,0,95,14,2,4,147,107,4,41,190,11,10,130,303,2,0,1,519,82,741,4,2,0,344,8,122,0,964,128,54,59,28,64,14,1,17,199,17,87,0,154,248,8,432,21,34,25,312,1,1,0,214,10,8,1,108,56,578,316,10,172,90,38,37,34,406,30,229,130,211,1,8,523,14,10,0,56,9,208,161,3,748,650,238,440,80,0,1,131,33,61,38,37,4,25,28,78,40,166,18,350,118,475,129,478,127,1301,172,15441
scala,28,0,186,47,8,0,208,45,5,14,197,11,39,172,183,14,5,0,296,412,649,5,5,11,443,2,90,8,874,225,39,107,39,90,50,5,2,304,5,42,0,180,276,14,406,5,22,45,234,14,0,0,25,16,22,5,104,53,347,372,2,189,214,76,47,36,245,112,293,62,135,5,2,330,8,5,0,62,14,169,186,8,838,773,177,510,121,2,0,158,14,62,59,81,8,42,42,129,16,141,5,73,53,268,22,527,110,1083,183,14702
sql,43,0,67,38,8,5,26,61,1,12,145,9,4,62,278,1,15,1,282,25,13,4,0,41,256,0,197,11,150,275,122,60,25,74,45,0,12,68,17,33,0,25,276,1,386,18,10,19,190,0,0,0,3,35,15,0,157,39,91,273,4,256,90,4,1,4,1304,134,185,18,34,0,2,3,3,4,0,72,17,78,192,2,889,757,205,115,173,3,2,112,16,116,55,9,0,5,24,99,37,267,15,40,75,266,5,816,119,778,129,11558
swift,8,0,160,10,10,0,59,32,0,19,154,59,5,269,190,2,2,0,342,97,233,2,5,8,236,5,81,0,1068,508,19,57,16,70,51,2,19,296,5,19,0,103,135,5,258,8,19,35,222,0,0,0,46,29,43,2,135,57,364,187,5,130,78,2,16,29,293,258,214,111,67,0,2,252,5,5,0,29,5,122,125,10,660,606,214,337,86,29,0,125,10,46,19,59,0,24,32,95,16,108,16,76,73,296,57,668,103,916,171,12366
visualbasic,3,0,14,10,0,0,18,14,0,82,43,7,3,68,414,0,0,0,699,32,25,39,0,86,237,0,277,0,176,216,72,79,158,7,18,3,3,800,0,14,0,10,43,3,447,7,3,7,209,0,0,0,3,104,14,0,277,54,90,331,0,378,136,0,0,10,598,126,144,7,32,0,0,39,0,10,0,39,3,46,191,10,890,720,111,443,320,0,0,281,18,43,18,0,0,0,28,75,10,234,3,14,21,180,0,987,129,652,79,12244
