subreddit,analysis,autism,blog,category,cloud,coffee,community,cost,deadline,debug,design,device,distributed,documentation,error,esoteric,finance,freak,function,functional,github,goto,hacker,homework,idea,idiom,information,intelligence,language,learn,logic,machine,math,model,money,newb,newbie,object,optimal,overhead,paralell,pattern,performance,pragmatic,problem,procedural,progress,quality,reason,religion,robotics,safety,school,science,sicp,sorry,speed,types,understand,usability,user,web,abstract,concrete,algorithm,data,book,course,bug,feature,church,turing,compiler,interpreter,desire,disgust,efficient,effective,general,specific,hobby,work,know,guess,library,application,nerd,geek,open,closed,practice,theory,pure,impure,refactoring,rewrite,software,hardware,solution,workaround,static,dynamic,syntax,semantics,thanks,please,think,feel,sumactionscript,0,0,0,0,0,0,0,0,0,0,0,0,0,0,434,0,0,0,2608,0,0,0,0,0,0,0,434,0,869,0,0,0,434,0,0,0,0,1739,0,0,0,0,0,0,434,0,0,0,0,0,0,0,0,0,0,0,0,0,0,0,0,0,0,0,0,434,434,0,0,0,0,0,0,0,0,0,434,0,0,0,0,1304,434,434,0,0,0,0,0,0,0,0,0,0,0,0,0,0,0,0,1304,0,0,0,1304,0,434,0,13468
ada,238,0,396,79,0,0,79,0,0,79,238,0,79,79,0,0,0,0,555,0,396,0,0,0,317,0,238,79,1349,238,0,0,0,79,0,0,0,158,0,0,0,0,0,0,396,158,79,317,158,0,0,158,0,0,0,158,79,317,317,0,79,0,0,0,0,158,238,158,396,158,0,0,555,79,0,0,0,0,0,396,0,793,1428,158,317,238,0,0,396,0,0,238,79,0,0,0,396,0,79,0,238,158,158,0,634,0,793,0,15133
asm,0,0,0,28,0,0,115,0,0,173,231,0,28,463,202,0,0,0,579,0,144,28,0,144,289,0,318,0,492,260,144,260,115,28,86,0,0,28,0,28,0,0,144,0,695,0,0,0,289,0,0,0,115,86,0,405,115,86,637,0,202,260,28,0,28,521,492,260,0,28,0,0,260,0,0,0,115,28,202,289,0,753,1101,347,318,86,0,0,86,28,28,0,0,0,0,28,202,173,28,28,57,28,405,0,811,57,1072,318,15422
brainfuck,0,0,0,0,0,0,0,0,0,0,0,0,0,0,0,714,0,0,0,0,0,0,0,0,0,0,0,0,714,0,0,0,0,0,0,0,0,0,0,0,0,0,0,0,714,0,0,0,0,0,0,0,0,0,0,0,0,0,0,0,0,0,0,0,0,0,0,0,0,0,0,0,0,714,0,0,0,0,0,0,0,714,1428,714,0,0,0,0,0,0,0,0,0,0,0,0,0,0,0,0,0,0,0,0,0,0,1428,714,7854
c_programming,49,0,47,5,1,3,37,29,3,59,93,59,7,132,371,5,0,0,1036,31,170,40,7,51,331,10,149,1,592,412,111,140,88,29,19,1,7,148,12,31,0,37,125,5,500,7,10,22,338,0,17,49,59,28,7,125,86,185,412,1,251,45,22,12,93,530,329,223,63,65,0,1,715,19,7,1,61,24,186,220,10,789,884,213,400,86,7,0,167,7,125,24,54,0,10,28,109,102,156,0,193,72,162,29,715,142,1034,137,14851
clojure,37,0,269,12,17,12,151,42,2,37,136,10,35,151,199,5,2,0,685,299,904,17,5,7,282,5,95,5,695,274,156,85,55,75,20,2,22,123,5,78,0,57,219,17,494,12,15,42,294,2,0,27,22,32,45,115,55,229,299,2,244,327,32,30,52,579,201,209,50,108,5,5,131,32,7,0,32,17,161,176,5,834,675,141,456,241,0,0,173,27,90,27,105,12,57,45,88,15,138,7,194,151,257,20,761,115,1086,219,15326
cobol,0,0,0,0,0,0,222,0,0,0,0,0,0,0,0,0,0,0,0,0,0,0,0,222,0,0,666,0,1555,888,0,0,0,0,222,0,0,222,0,0,0,222,0,0,888,0,0,0,444,0,0,0,0,0,0,444,0,0,0,0,0,666,0,0,0,2000,1111,0,0,0,0,0,444,0,0,0,0,0,0,222,0,1777,1555,0,222,444,0,0,666,0,444,0,0,0,0,0,222,0,222,0,0,0,0,0,444,0,1333,222,17989
cpp,53,0,137,17,2,0,53,91,3,72,183,15,19,102,258,5,8,1,671,58,228,13,6,6,304,32,134,1,595,212,49,76,32,81,27,0,2,364,18,91,0,60,309,3,466,5,40,65,337,0,0,57,26,21,0,97,84,330,305,8,171,84,40,24,92,331,153,272,130,166,0,10,677,16,12,0,99,47,177,205,16,731,808,216,718,127,0,0,187,22,106,26,83,2,22,18,165,58,203,13,204,97,192,119,418,106,1015,143,14753
csharp,31,0,100,7,14,4,39,69,5,64,174,28,7,78,180,0,5,1,187,37,146,12,1,16,252,1,144,3,350,327,127,95,44,129,66,0,4,436,3,30,0,113,164,4,351,9,19,39,223,1,0,16,45,18,1,105,63,164,241,4,249,288,72,21,31,495,176,152,40,99,0,0,138,4,3,0,44,15,116,173,8,757,734,142,452,294,4,0,202,16,81,18,18,0,32,27,147,19,215,9,207,67,154,9,624,101,782,156,12187
d_language,45,0,135,90,0,0,135,0,0,0,135,0,0,135,180,0,0,0,497,0,859,0,0,0,135,0,135,0,950,135,0,90,45,45,0,0,0,90,0,0,0,90,180,0,226,0,0,45,271,0,0,45,0,0,0,226,90,316,90,0,135,226,0,0,90,226,271,45,0,0,0,0,226,0,0,0,45,0,135,271,0,769,407,90,769,90,0,0,135,0,45,0,45,0,0,45,135,45,180,0,90,135,135,0,904,135,1221,226,12686
dartlang,0,0,194,0,21,0,345,21,21,86,151,21,0,237,86,21,0,0,302,107,496,0,0,0,323,0,43,0,1079,172,0,21,0,21,21,0,0,194,0,86,0,21,172,0,604,21,86,0,194,0,0,0,0,0,0,194,64,129,64,0,129,734,0,21,0,107,151,323,626,86,0,0,0,0,0,0,64,0,172,107,0,907,799,86,431,194,0,21,172,0,0,0,0,0,0,43,0,0,64,21,43,43,302,0,669,129,820,280,13162
delphi,43,0,279,64,64,21,258,150,0,43,215,64,21,258,193,0,0,0,451,129,86,0,0,0,451,0,86,0,1268,408,86,107,64,64,193,0,0,365,0,43,0,0,279,21,559,21,43,215,150,0,0,43,64,0,0,258,193,129,193,0,365,344,0,21,43,387,172,387,150,387,0,0,516,0,0,0,43,64,172,172,21,1268,860,215,516,494,0,0,473,64,64,21,21,0,21,21,709,21,172,21,64,64,107,0,817,193,1161,236,18489
elm,0,0,458,0,0,0,76,0,0,76,152,0,0,305,458,0,0,0,458,229,1908,0,0,0,534,0,76,0,916,534,229,0,0,0,0,76,0,0,0,0,0,0,229,0,458,0,76,0,152,0,0,0,0,0,0,305,76,76,0,0,76,381,76,0,152,229,0,229,152,0,0,0,381,76,0,0,76,0,458,0,0,610,1145,305,1145,0,0,0,152,0,76,0,0,0,0,0,76,0,0,0,76,152,76,76,916,76,1297,0,16321
erlang,29,0,87,0,58,0,87,58,0,29,0,0,87,175,146,0,0,0,409,175,994,0,0,0,204,0,87,0,526,175,0,87,29,29,0,0,0,0,0,29,0,204,175,29,321,0,0,58,116,0,0,0,0,0,0,29,87,29,204,29,58,263,0,0,233,409,438,116,29,116,0,0,29,0,29,0,0,0,175,58,0,497,701,175,87,58,0,0,204,29,0,29,29,0,0,29,58,29,29,0,0,29,380,87,643,58,1023,29,10937
forth,0,0,51,0,0,0,102,51,0,0,358,51,0,0,0,51,0,0,205,51,256,0,0,0,461,0,153,153,1179,307,0,358,51,51,51,0,0,153,0,51,0,102,153,51,1025,51,51,51,153,0,0,0,0,0,205,102,0,0,153,0,102,102,51,0,307,666,461,666,51,205,0,0,410,358,0,0,51,0,256,256,0,974,1230,307,51,51,0,0,102,0,205,102,0,0,51,51,205,153,256,0,0,0,102,102,1076,410,1743,410,17764
fortran,45,0,137,0,0,0,45,45,0,22,91,22,0,91,573,0,0,0,527,68,229,22,0,45,344,0,114,0,504,252,45,68,321,45,68,0,0,229,0,22,22,68,344,22,389,0,0,0,206,0,0,0,68,68,0,321,298,206,389,0,206,45,22,22,160,733,183,160,68,160,0,0,1032,68,0,0,91,0,183,160,0,1032,1055,321,481,45,0,0,366,0,68,0,114,0,22,68,412,91,183,0,91,91,412,0,1146,160,1146,206,17178
fsharp,50,0,225,25,0,0,300,50,25,125,200,25,0,100,150,0,0,0,776,952,300,0,50,0,250,0,75,0,1453,501,150,25,125,125,75,0,25,200,0,25,0,175,200,50,701,0,50,50,375,25,0,25,25,25,0,200,75,1002,476,0,325,426,100,25,50,426,451,125,50,250,0,25,275,0,0,0,0,0,350,175,0,927,852,150,426,175,0,0,250,50,25,25,25,0,25,50,200,0,100,0,250,125,300,75,576,200,1503,275,19473
golang,37,0,202,6,26,5,149,55,1,35,122,14,29,130,297,1,0,0,398,34,1025,20,3,3,253,14,91,1,697,149,60,83,27,69,20,1,15,138,10,76,0,99,261,11,379,4,23,33,223,1,0,43,16,26,0,83,89,238,207,1,217,318,22,32,26,359,63,136,52,128,0,4,147,16,9,0,43,34,121,161,5,701,596,133,413,190,0,2,186,43,76,22,43,0,18,41,120,21,154,9,120,71,100,13,705,130,953,155,12941
groovy,0,0,96,0,0,0,0,0,0,0,96,0,0,0,0,0,0,0,0,0,288,0,0,0,192,0,96,0,1057,576,96,96,0,0,0,0,0,192,0,0,0,0,384,0,96,0,0,0,288,0,0,96,0,0,0,192,96,96,0,0,96,288,0,0,96,96,96,96,96,288,0,0,0,0,0,0,96,0,0,0,0,961,769,192,0,288,0,0,96,0,96,96,0,0,96,96,0,0,0,0,673,673,480,0,769,0,769,480,11815
haskell,55,0,188,140,15,3,169,60,3,25,148,9,17,144,214,3,12,1,603,221,376,10,7,6,341,15,138,4,675,199,89,83,60,117,31,2,15,81,14,43,0,167,183,5,553,4,33,38,296,0,1,46,39,31,8,111,53,559,345,4,188,142,77,51,67,725,119,289,91,108,11,21,248,36,12,0,75,13,270,167,5,810,719,182,478,143,3,0,130,42,79,143,193,18,24,46,106,29,205,10,87,84,182,98,510,122,1256,182,15408
haxe,0,0,113,0,0,0,284,56,0,56,0,0,0,284,340,0,0,0,170,0,511,0,0,0,284,0,56,0,454,170,0,0,0,0,113,0,0,170,0,0,0,0,170,0,227,0,56,0,0,0,0,0,0,0,0,170,0,0,0,0,56,56,0,0,56,340,56,113,0,0,0,0,113,0,0,0,113,0,56,113,0,852,909,284,340,0,0,0,170,56,0,0,56,0,0,0,56,0,340,0,0,170,170,0,1306,170,681,227,10543
java,37,0,87,12,15,6,111,52,2,43,183,12,23,108,187,2,2,1,119,69,150,6,3,30,318,1,117,2,467,357,83,73,64,77,72,1,6,342,12,27,0,93,183,6,416,7,14,37,250,1,1,24,79,37,0,101,58,120,281,6,231,347,66,20,35,341,177,235,79,111,0,4,125,7,8,1,39,57,147,197,14,720,760,161,255,330,2,2,211,24,100,21,46,0,34,20,194,32,133,10,248,37,122,16,479,135,849,173,12348
javascript,22,0,131,9,11,21,89,41,5,42,140,27,11,96,130,3,1,1,777,89,529,6,8,4,264,3,84,3,350,277,101,37,61,111,38,1,7,452,8,41,0,121,221,4,367,6,23,37,227,1,0,11,31,17,1,125,69,74,269,7,215,414,24,5,29,408,114,150,60,102,0,2,55,11,9,0,33,19,102,152,5,752,699,158,344,194,3,1,175,19,77,21,48,0,22,23,93,16,167,7,74,41,156,28,544,113,862,174,12362
lisp,50,0,139,13,2,0,187,45,2,58,96,16,2,227,227,2,8,0,621,112,466,10,24,8,348,8,125,24,755,289,40,152,45,58,48,2,18,160,5,24,0,48,120,8,364,8,13,50,211,5,8,42,18,37,61,115,88,120,241,8,308,251,42,18,32,404,267,190,56,101,2,5,281,93,13,0,56,10,203,187,26,688,819,192,356,107,2,0,190,24,72,26,48,2,10,26,190,58,112,0,107,125,353,112,715,150,1087,227,14324
lua,8,0,50,33,0,8,110,16,0,84,50,33,25,152,271,0,0,0,1323,42,602,42,16,8,296,0,93,8,500,288,59,33,169,8,50,0,42,186,16,33,0,42,127,0,415,8,33,33,212,0,0,8,25,8,8,152,76,110,322,0,245,169,8,16,42,203,203,110,50,101,0,0,186,110,0,0,42,0,127,186,0,712,788,245,508,186,0,0,144,59,84,0,59,8,16,8,118,8,127,16,84,33,229,25,805,135,746,118,13292
mathematica,118,9,9,0,39,9,29,9,0,0,29,39,9,315,256,0,9,0,1184,108,9,0,0,59,227,0,227,9,296,177,19,69,148,39,19,0,9,19,0,39,0,207,49,0,681,39,0,19,118,0,0,0,39,19,9,177,69,39,236,0,108,49,9,0,69,562,59,138,59,59,0,0,9,0,9,0,59,9,217,138,0,878,779,98,19,49,0,0,98,39,29,78,49,0,9,19,108,39,404,0,0,138,296,9,957,69,799,88,11841
matlab,77,0,40,5,10,0,25,37,1,21,44,6,25,239,432,0,6,0,1340,13,26,4,0,98,248,0,106,4,116,158,34,43,116,119,10,1,2,72,18,26,0,25,65,4,660,2,5,10,160,0,2,1,44,26,0,209,111,52,239,0,188,29,4,4,122,951,48,160,34,33,0,0,44,16,9,0,49,4,139,142,0,805,785,190,45,36,0,0,151,16,57,16,12,0,1,17,95,34,299,14,16,21,133,0,867,115,735,112,11685
objectivec,18,0,182,54,9,0,54,27,0,18,191,91,18,329,173,0,0,9,274,18,274,0,0,18,310,0,228,0,539,511,109,109,9,146,91,0,9,731,0,27,0,91,137,0,475,27,100,18,301,0,0,63,36,54,0,155,54,82,466,0,292,210,27,0,9,475,621,255,18,82,0,0,237,9,54,0,18,18,274,310,9,703,996,191,466,228,310,0,182,63,100,9,82,0,0,9,109,45,137,0,54,73,383,27,904,82,987,210,15903
ocaml,0,0,347,18,18,0,219,109,0,18,219,18,36,164,128,0,0,0,750,329,714,0,54,0,421,54,128,0,842,164,54,164,18,91,18,0,0,183,18,146,0,183,549,73,531,36,73,73,347,0,0,219,128,0,0,146,164,787,256,18,146,109,128,54,18,567,329,347,109,311,18,0,695,201,18,0,164,0,256,183,0,1227,934,384,347,164,0,0,274,0,54,73,36,0,0,18,201,36,347,0,54,91,329,73,805,256,1227,146,19754
pascal,0,0,246,0,0,0,0,0,0,0,0,0,0,246,246,0,0,0,0,0,123,0,0,370,0,0,123,0,493,246,123,246,0,246,0,0,0,246,0,0,0,123,0,0,123,0,0,0,370,0,0,0,246,0,0,0,123,246,246,123,246,123,0,0,123,493,123,123,0,0,0,0,1111,0,0,0,0,0,0,123,0,740,493,123,246,246,0,0,123,0,0,0,0,0,0,123,493,246,0,0,0,0,246,0,1111,123,740,123,12195
perl,29,0,129,17,10,6,309,34,0,36,141,10,10,117,167,3,6,0,169,45,227,31,22,3,234,12,111,8,694,262,48,73,33,47,61,1,33,180,1,27,0,82,78,8,466,1,50,62,230,1,0,3,20,22,0,127,82,54,227,10,183,297,13,6,33,400,167,167,64,138,1,3,83,36,20,3,33,29,138,171,8,839,835,173,106,80,0,0,237,15,76,27,31,0,20,43,145,33,138,1,33,40,256,33,596,111,987,202,11919
php,22,0,160,13,20,8,167,61,5,40,172,7,8,162,193,1,1,2,456,41,415,11,9,4,299,1,136,3,396,280,150,75,16,135,82,1,9,259,9,43,0,123,168,4,407,35,28,61,269,1,0,8,31,14,0,120,72,113,299,5,380,298,54,27,17,449,129,162,81,128,0,0,22,18,8,0,34,13,121,217,8,812,843,171,226,310,1,1,188,19,90,23,39,0,40,50,166,19,200,9,142,47,168,12,480,142,930,196,13120
prolog,31,0,63,0,0,0,31,0,0,31,31,31,63,127,318,0,0,0,222,191,95,0,31,254,382,31,95,63,891,222,796,0,191,31,31,0,95,159,0,0,0,95,0,0,828,95,0,95,159,0,0,0,31,63,31,445,0,0,541,0,0,31,31,31,63,350,382,445,0,95,0,0,63,31,0,0,127,0,286,159,0,796,605,127,350,31,0,0,191,63,31,127,63,63,0,0,95,0,382,0,95,127,286,95,987,191,1751,63,15502
python,71,0,119,11,15,5,140,38,4,38,105,19,24,138,132,4,5,1,319,54,405,7,5,9,265,10,103,2,508,286,60,101,48,70,46,2,9,185,8,35,0,39,125,5,376,6,25,37,238,2,2,7,39,52,1,114,86,86,212,7,199,345,19,8,41,428,118,202,66,104,1,6,59,96,6,0,36,15,134,159,8,801,701,156,398,154,4,1,231,18,56,23,55,0,19,27,156,28,128,4,91,53,177,21,544,114,813,156,11844
ruby,24,0,204,11,16,12,157,53,4,25,185,8,10,125,157,3,0,1,115,72,668,4,12,10,300,3,91,5,510,415,105,76,27,135,66,3,14,361,7,26,0,106,135,15,395,4,29,43,204,8,0,10,54,39,1,124,55,55,289,3,228,303,28,7,23,282,259,181,67,94,6,3,33,49,7,0,30,15,134,201,5,740,770,173,167,222,4,0,212,10,98,21,44,0,65,41,125,10,137,4,69,44,209,16,693,112,904,228,12662
rust,53,0,95,14,2,4,147,107,4,41,190,11,10,130,303,2,0,1,519,82,741,4,2,0,344,8,122,0,964,128,54,59,28,64,14,1,17,199,17,87,0,154,248,8,432,21,34,25,312,1,1,214,10,8,1,108,56,578,316,10,172,90,38,37,34,406,30,229,130,211,1,8,523,14,10,0,56,9,208,161,3,748,650,238,440,80,0,1,131,33,61,38,37,4,25,28,78,40,166,18,350,118,475,129,478,127,1301,172,15441
scala,28,0,186,47,8,0,208,45,5,14,197,11,39,172,183,14,5,0,296,412,649,5,5,11,443,2,90,8,874,225,39,107,39,90,50,5,2,304,5,42,0,180,276,14,406,5,22,45,234,14,0,25,16,22,5,104,53,347,372,2,189,214,76,47,36,245,112,293,62,135,5,2,330,8,5,0,62,14,169,186,8,838,773,177,510,121,2,0,158,14,62,59,81,8,42,42,129,16,141,5,73,53,268,22,527,110,1083,183,14702
scheme,16,0,166,0,16,0,232,49,0,33,182,0,0,232,199,16,0,0,531,132,398,0,33,33,315,0,83,0,830,232,49,99,66,83,0,0,16,83,16,0,0,66,99,16,431,33,33,0,166,0,0,0,16,132,498,132,83,33,215,0,232,149,16,16,99,166,315,182,99,49,33,49,182,232,33,0,16,0,166,249,0,681,764,249,365,83,0,0,132,149,33,49,66,16,0,33,332,0,99,0,0,33,631,33,830,149,1046,99,14248
scratch,0,0,0,0,0,0,68,0,0,0,0,0,0,68,0,0,0,0,68,0,0,0,0,0,204,0,136,0,0,0,0,0,0,0,68,0,0,0,0,0,0,0,0,0,544,0,0,0,68,0,68,0,136,68,0,204,68,0,68,0,136,0,0,0,0,0,0,68,272,68,0,0,0,0,0,0,0,0,0,136,0,340,1156,68,0,0,0,0,0,0,0,0,0,0,0,0,0,0,272,0,0,0,0,0,1020,476,884,272,7004
shell,0,0,0,0,0,0,0,0,0,217,0,0,0,217,652,0,0,0,869,0,217,0,0,0,217,0,434,0,217,0,0,0,0,0,0,0,0,0,217,0,0,0,0,0,434,0,0,0,0,0,0,0,0,0,0,434,0,0,217,0,652,0,0,0,0,652,0,0,0,0,0,0,0,0,0,0,0,0,217,434,0,434,434,0,0,217,0,0,217,0,434,0,0,0,0,0,217,0,0,0,0,0,217,0,652,434,652,0,10205
smalltalk,0,0,243,0,0,0,243,0,0,0,487,0,0,487,731,0,0,0,0,0,243,0,0,0,487,0,243,0,243,0,0,0,0,0,0,0,0,0,0,243,0,0,243,0,243,0,0,0,0,0,0,0,0,0,0,0,0,0,243,0,243,243,487,243,0,0,243,243,487,0,0,0,0,0,0,0,0,0,243,0,0,487,975,243,0,243,0,0,0,0,0,0,0,0,243,0,243,0,243,0,0,243,243,243,243,0,1707,243,12410
sml,0,0,0,0,0,0,0,0,0,0,0,0,0,1250,0,0,0,0,0,0,0,0,0,0,0,0,0,0,0,0,0,1250,0,0,0,0,0,0,0,0,0,0,0,0,0,0,0,0,0,0,0,0,0,0,0,0,0,0,0,0,0,0,0,0,0,0,0,0,0,0,0,0,0,0,0,0,0,0,0,0,0,0,0,0,1250,0,0,0,1250,0,0,0,0,0,0,0,0,0,0,0,0,0,0,0,0,0,0,0,5000
sql,43,0,67,38,8,5,26,61,1,12,145,9,4,62,278,1,15,1,282,25,13,4,0,41,256,0,197,11,150,275,122,60,25,74,45,0,12,68,17,33,0,25,276,1,386,18,10,19,190,0,0,3,35,15,0,157,39,91,273,4,256,90,4,1,4,1304,134,185,18,34,0,2,3,3,4,0,72,17,78,192,2,889,757,205,115,173,3,2,112,16,116,55,9,0,5,24,99,37,267,15,40,75,266,5,816,119,778,129,11558
swift,8,0,160,10,10,0,59,32,0,19,154,59,5,269,190,2,2,0,342,97,233,2,5,8,236,5,81,0,1068,508,19,57,16,70,51,2,19,296,5,19,0,103,135,5,258,8,19,35,222,0,0,46,29,43,2,135,57,364,187,5,130,78,2,16,29,293,258,214,111,67,0,2,252,5,5,0,29,5,122,125,10,660,606,214,337,86,29,0,125,10,46,19,59,0,24,32,95,16,108,16,76,73,296,57,668,103,916,171,12366
tcl,0,0,178,0,0,0,178,0,0,0,357,0,178,0,357,0,0,0,178,178,357,0,0,0,178,0,178,0,1607,0,0,0,0,0,0,0,0,0,0,0,0,178,178,0,178,0,0,0,0,0,178,0,0,0,0,0,0,178,0,0,357,1428,0,0,178,892,357,0,0,0,0,0,0,178,0,0,0,0,178,0,0,1250,1607,178,0,535,0,0,892,0,357,0,0,0,0,0,714,0,357,0,0,0,357,0,892,178,1250,357,17306
visualbasic,3,0,14,10,0,0,18,14,0,82,43,7,3,68,414,0,0,0,699,32,25,39,0,86,237,0,277,0,176,216,72,79,158,7,18,3,3,800,0,14,0,10,43,3,447,7,3,7,209,0,0,3,104,14,0,277,54,90,331,0,378,136,0,0,10,598,126,144,7,32,0,0,39,0,10,0,39,3,46,191,10,890,720,111,443,320,0,0,281,18,43,18,0,0,0,28,75,10,234,3,14,21,180,0,987,129,652,79,12244
